{"num_tags": 11, "transitions": [[0.011082557961344719, 0.032028745859861374, 0.3589818775653839, -1.029893159866333, -2.5127813816070557, -0.9866706728935242, -0.15804462134838104, -13.897147178649902, -15.51335620880127, -12.898798942565918, -10.702010154724121], [-0.33212563395500183, 0.4269607961177826, -1.3343242406845093, -4.533043384552002, -3.4657680988311768, -0.5981717705726624, -14.268385887145996, -0.4041638672351837, -15.340865135192871, -15.459219932556152, -12.945366859436035], [-0.2605656087398529, -1.3008784055709839, 0.4170241355895996, -1.7862670421600342, 0.5825597047805786, -1.068497657775879, -15.199289321899414, -17.08880043029785, 0.008448912762105465, -16.732688903808594, -14.85560131072998], [-1.6709322929382324, -3.483574628829956, -1.6512978076934814, 0.8222908973693848, -2.7690863609313965, -1.8510277271270752, -13.603013038635254, -13.62128734588623, -15.963767051696777, 0.2092500925064087, -9.359711647033691], [-2.0634419918060303, -2.14829158782959, 0.0033148268703371286, -3.5197348594665527, 0.041802071034908295, -1.391727089881897, -11.262896537780762, -13.020561218261719, -12.873980522155762, -12.006142616271973, -0.004764928016811609], [-0.2662273645401001, -0.9420822262763977, -1.0019971132278442, -2.167126178741455, -2.0451011657714844, 1.0365276336669922, -9.868108749389648, -13.296220779418945, -12.272595405578613, -9.801939010620117, -11.154582023620605], [-0.12003488093614578, 0.1985953152179718, 0.2709582448005676, -2.0442497730255127, -2.2352473735809326, -0.4734916687011719, 0.4228684604167938, -13.224125862121582, -13.14991283416748, -11.382046699523926, -9.35049819946289], [0.21565638482570648, 0.23348268866539001, -1.3960901498794556, -4.052882194519043, -3.490333080291748, -0.4354957044124603, -14.461935043334961, 0.6598138213157654, -14.799095153808594, -14.852757453918457, -12.81779956817627], [0.3963387906551361, -0.752281904220581, 0.40673041343688965, -1.8393347263336182, 0.45890772342681885, -0.8857243657112122, -16.121673583984375, -17.007766723632812, 0.4676530957221985, -17.781421661376953, -15.149223327636719], [-1.1665897369384766, -2.850142002105713, -1.5884888172149658, 1.414044737815857, -2.0586137771606445, -1.3364652395248413, -14.016499519348145, -14.577848434448242, -16.170026779174805, 0.3715219497680664, -9.522062301635742], [-1.2242716550827026, -1.568221926689148, 0.5948064923286438, -2.310030937194824, -0.03558842092752457, -0.6159197688102722, -11.401991844177246, -12.800930976867676, -11.096376419067383, -9.862831115722656, 0.4514772891998291]], "start_transitions": [0.3475559949874878, 0.41807979345321655, -0.4670104682445526, -1.3156057596206665, -0.9422812461853027, 2.1124260425567627, -8.904790878295898, -11.923154830932617, -11.314664840698242, -8.576021194458008, -8.426191329956055], "end_transitions": [-0.38510116934776306, 0.24101702868938446, -0.1747744232416153, -1.4401218891143799, -0.865617036819458, 1.6712385416030884, 0.4739876091480255, 0.3380989134311676, 0.019534572958946228, -1.1094428300857544, -0.25123506784439087], "class_to_type": {"0": 0, "1": 1, "2": 2, "3": 3, "4": 4, "5": 5, "6": 6, "7": 7, "8": 8, "9": 9, "10": 10}}